{"cameraMode":{"drawMode":0,"name":"Shaded","section":"Shading Mode"},"sceneLighting":true,"audioPlay":false,"sceneViewState":{"m_AlwaysRefresh":false,"showFog":true,"showSkybox":true,"showFlares":true,"showImageEffects":true,"showParticleSystems":true,"showVisualEffectGraphs":true,"m_FxEnabled":true},"in2DMode":false,"pivot":{"x":-0.021803274750709535,"y":0.8901445865631104,"z":-0.7631564140319824},"rotation":{"x":-0.21194542944431306,"y":-0.021666444838047029,"z":0.0048627411015331749,"w":-0.9771400094032288},"size":1.9092938899993897,"orthographic":true}