{"cameraMode":{"drawMode":0,"name":"Shaded","section":"Shading Mode"},"sceneLighting":false,"audioPlay":false,"sceneViewState":{"m_AlwaysRefresh":false,"showFog":true,"showSkybox":false,"showFlares":true,"showImageEffects":true,"showParticleSystems":true,"showVisualEffectGraphs":true,"m_FxEnabled":true},"in2DMode":false,"pivot":{"x":-0.014966726303100586,"y":0.027302145957946779,"z":0.050696611404418948},"rotation":{"x":-0.2301308959722519,"y":-0.06941202282905579,"z":0.016519689932465555,"w":-0.9706370234489441},"size":2.0482261180877687,"orthographic":true}